company_id,company_name,success_label,status,country,state_code,city,region,latitude,longitude,founded_at,closed_at,age_years,primary_industry,is_software,is_web,is_mobile,is_enterprise,is_biotech_or_health,funding_total_usd,funding_rounds,first_funding_at,last_funding_at,age_at_first_funding_years,age_at_last_funding_years,has_VC,has_angel,avg_participants,num_founders,employee_count
Company1,Company1,1,operating,United States,,,North America,,,,,,,0,0,0,0,0,450000.0,,,2013-05-26,,0.9633333333333334,0,1,,1,3.0
Company2,Company2,1,operating,United States,,,North America,,,2011-07-01,,3.0,Market Research|Marketing|Crowdfunding,0,0,0,0,0,,,,,0.8333333333333334,0.75,0,1,,2,
Company3,Company3,1,operating,United States,,,North America,,,2011-12-01,,3.0,Analytics|Cloud Computing|Software Development,1,0,0,0,0,2350000.0,,,2013-10-23,0.16666666666666666,0.612037037,0,1,,3,14.0
Company4,Company4,1,operating,United States,,,North America,,,2009-06-20,,5.0,Mobile|Analytics,0,0,1,0,0,10250000.0,,,2012-05-10,0.08333333333333333,0.725,0,1,,2,45.0
Company5,Company5,1,operating,United States,,,North America,,,2010-04-01,,4.0,Analytics|Marketing|Enterprise Software,1,0,0,0,0,5500000.0,,,2013-12-11,1.0833333333333333,0.8185185185,0,1,,1,39.0
Company6,Company6,1,operating,United States,,,North America,,,2010-05-01,,4.0,Food & Beverages|Hospitality,0,0,0,0,0,1000000.0,,,2013-09-17,1.0,0.7768518518333334,0,1,,4,14.0
Company7,Company7,1,operating,United States,,,North America,,,2011-01-01,,3.0,Analytics,0,0,0,0,0,2000000.0,,,2013-09-03,0.9166666666666666,0.60925925925,0,1,,2,7.0
Company8,Company8,1,operating,United States,,,North America,,,2010-01-01,,4.0,Cloud Computing|Network / Hosting / Infrastructure,0,0,0,0,0,6700000.0,,,2012-11-08,1.6666666666666667,0.5333333333333333,0,0,,3,29.0
Company9,Company9,1,operating,United States,,,North America,,,2011-01-01,,3.0,Analytics|Mobile|Marketing,0,0,1,0,0,11000000.0,,,2014-02-26,1.5,1.0,0,1,,2,16.0
Company10,Company10,1,operating,United States,,,North America,,,2013-05-16,,1.0,Healthcare|Pharmaceuticals|Analytics,0,0,0,0,1,3000000.0,,,2013-10-24,0.4166666666666667,0.4166666666666667,0,0,,3,3.0
Company11,Company11,1,operating,United States,,,North America,,,2011-01-01,,3.0,Analytics|Enterprise Software,1,0,0,0,0,16000000.0,,,2013-08-13,2.0,0.22222222225,0,0,,2,34.0
Company12,Company12,1,operating,United States,,,North America,,,2010-01-01,,4.0,,0,0,0,0,0,6300000.0,,,2012-06-27,1.5,0.32083333333333336,1,0,,0,31.0
Company13,Company13,1,operating,United States,,,North America,,,2010-01-01,,4.0,Media|Finance|Marketing,0,0,0,0,1,11500000.0,,,2013-09-10,1.0,0.5,0,0,,0,47.0
Company14,Company14,1,operating,United States,,,North America,,,2008-06-20,,6.0,Music|Analytics,0,0,0,0,0,6500000.0,,,2012-01-03,1.1666666666666667,0.6111111110833333,0,0,,3,22.0
Company15,Company15,1,operating,United States,,,North America,,,2010-01-01,,4.0,E-Commerce|Gaming|Analytics,0,0,0,0,0,2800000.0,,,2013-11-11,4.0,4.0,1,0,,2,13.0
Company16,Company16,1,operating,United States,,,North America,,,2008-01-01,,6.0,Healthcare|Analytics,0,0,0,0,1,41000000.0,,,2014-01-27,3.1666666666666665,0.6666666666666666,0,0,,2,129.0
Company17,Company17,1,operating,United States,,,North America,,,2010-01-01,,4.0,Analytics,0,0,0,0,0,3499999.0,,,2012-12-14,0.25,0.9222222225,1,0,,1,23.0
Company18,Company18,1,operating,United States,,,North America,,,2009-06-01,,5.0,Marketing,0,0,0,0,0,10000000.0,,,2013-10-17,2.5,1.0513888891666667,0,0,,3,52.0
Company19,Company19,1,operating,United States,,,North America,,,2002-01-01,,12.0,,0,0,0,0,0,750000.0,,,2012-12-14,2.9166666666666665,2.0520833333333335,1,0,,0,46.0
Company20,Company20,1,operating,United States,,,North America,,,2010-04-01,,4.0,Advertising|Retail|Mobile,0,0,1,0,0,749999.0,,,2012-11-23,1.6666666666666667,0.4546296296666667,1,0,,2,5.0
Company21,Company21,1,operating,United States,,,North America,,,2010-01-01,,4.0,Marketing,0,0,0,0,0,5000000.0,,,2011-05-06,1.25,1.25,1,0,,2,27.0
Company22,Company22,1,operating,United States,,,North America,,,2005-01-01,,9.0,,0,0,0,0,0,1500000.0,,,2013-03-13,8.0,8.0,0,0,,2,
Company23,Company23,1,operating,United States,,,North America,,,2012-01-01,,2.0,Analytics,0,0,0,0,0,15000000.0,,,2014-01-29,0.8333333333333334,0.6138888889166666,0,0,,3,32.0
Company24,Company24,1,operating,,,,,,,2009-07-01,,5.0,,0,0,0,0,0,,,,,0.4166666666666667,1.5,0,1,,2,
Company25,Company25,1,operating,United States,,,North America,,,2012-03-01,,2.0,Mobile|Retail,0,0,1,0,0,1700000.0,,,2013-11-01,1.1666666666666667,0.29583333333333334,0,1,,2,3.0
Company26,Company26,1,operating,United States,,,North America,,,2011-06-01,,3.0,Analytics,0,0,0,0,0,250000.0,,,2011-08-01,0.08333333333333333,0.5092592592499999,0,1,,2,5.0
Company27,Company27,1,operating,United States,,,North America,,,2009-01-01,,5.0,Analytics|Finance,0,0,0,0,1,1400000.0,,,2013-12-12,4.0,4.0,0,0,,3,5.0
Company28,Company28,1,operating,United States,,,North America,,,2013-03-01,,1.0,,0,0,0,0,0,1100000.0,,,2013-07-01,0.3333333333333333,0.3333333333333333,0,1,,1,
Company29,Company29,1,operating,United States,,,North America,,,2007-11-01,,7.0,Analytics,0,0,0,0,0,15000000.0,,,2013-04-30,3.0,1.1351851849999999,0,0,,2,
Company30,Company30,1,operating,United States,,,North America,,,2012-05-01,,2.0,Software Development,1,0,0,0,0,200000.0,,,2013-04-01,0.5,0.25,0,1,,2,3.0
Company31,Company31,1,operating,United States,,,North America,,,2012-07-01,,2.0,Marketing|Software Development|Analytics,1,0,0,0,0,600000.0,,,2013-01-15,0.08333333333333333,0.08333333333333333,0,1,,4,7.0
Company32,Company32,1,operating,United States,,,North America,,,2008-01-08,,6.0,Security,0,0,0,0,0,,,,2011-09-22,0.6666666666666666,1.0101851849999999,1,0,,2,39.0
Company33,Company33,1,operating,United States,,,North America,,,2010-01-01,,4.0,Analytics,0,0,0,0,0,20000000.0,,,2014-03-18,0.08333333333333333,1.0,1,1,,3,115.0
Company34,Company34,1,operating,United States,,,North America,,,2011-11-01,,3.0,Advertising,0,0,0,0,0,2000000.0,,,2013-01-01,1.1666666666666667,,0,0,,3,9.0
Company35,Company35,1,operating,,,,,,,2010-07-01,,4.0,,0,0,0,0,0,,,,,0.08333333333333333,0.78125,1,0,,1,
Company36,Company36,1,operating,United States,,,North America,,,2012-01-01,,2.0,Marketing|Email,0,0,0,0,0,2870890.0,,,2013-05-24,0.5833333333333334,0.4194444444166667,1,0,,2,14.0
Company37,Company37,1,operating,United States,,,North America,,,2012-08-01,,2.0,Analytics|Security|Network / Hosting / Infrastructure,0,0,0,0,0,5200000.0,,,2013-10-21,0.08333333333333333,0.5930555555833333,0,0,,4,26.0
Company38,Company38,1,operating,United States,,,North America,,,2012-02-01,,2.0,Human Resources (HR)|Marketing|Career / Job Search,0,0,0,0,0,70000.0,,,2012-08-07,,0.08333333333333333,0,1,,2,6.0
Company39,Company39,1,operating,United States,,,North America,,,2010-06-04,,4.0,Cloud Computing|Healthcare|E-Commerce,0,0,0,0,1,1000000.0,,,2013-03-29,0.3333333333333333,0.8185185185,0,1,,2,13.0
Company40,Company40,1,operating,United States,,,North America,,,2010-10-01,,4.0,Media|Analytics|Publishing|Mobile|Education,0,0,1,0,0,450000.0,,,2012-10-23,1.0,1.1666666666666667,0,1,,5,7.0
Company41,Company41,1,operating,United States,,,North America,,,2012-01-01,,2.0,E-Commerce|Energy|Media,0,0,0,0,1,,,,2013-06-01,1.5,1.5,1,1,,2,6.0
Company42,Company42,1,operating,United States,,,North America,,,2009-01-30,,5.0,Media|Analytics,0,0,0,0,0,,,,2012-01-01,0.8333333333333334,0.8333333333333334,0,1,,2,3.0
Company43,Company43,1,operating,United States,,,North America,,,2011-04-01,,3.0,,0,0,0,0,0,60000.0,,,2010-08-01,0.8333333333333334,1.0,0,1,,0,57.0
Company44,Company44,1,operating,United States,,,North America,,,2008-01-01,,6.0,,0,0,0,0,0,2517424.0,,,2013-07-08,3.0,0.3333333333333333,0,0,,3,12.0
Company45,Company45,1,operating,,,,,,,2012-07-01,,2.0,,0,0,0,0,0,,,,,0.5,0.6666666666666666,0,1,,2,
Company46,Company46,1,operating,United States,,,North America,,,2010-01-01,,4.0,,0,0,0,0,0,1750000.0,,,2013-07-30,1.25,0.5833333333333334,0,0,,4,25.0
Company47,Company47,1,operating,United States,,,North America,,,2011-01-01,,3.0,Analytics|Enterprise Software,1,0,0,0,0,3000000.0,,,2013-02-05,1.3333333333333333,0.25,1,0,,2,35.0
Company48,Company48,1,operating,United States,,,North America,,,2003-12-01,,11.0,,0,0,0,0,0,30000000.0,,,2013-07-29,6.0,2.0,0,0,,2,267.0
Company49,Company49,1,operating,United States,,,North America,,,2000-01-01,,14.0,Analytics,0,0,0,0,0,25000000.0,,,2013-06-24,13.0,13.0,0,0,,2,594.0
Company50,Company50,0,closed,United States,,,North America,,,,,,,0,0,0,0,0,11000000.0,,,2006-11-01,1.0,0.08333333333333333,0,0,,2,
Company51,Company51,1,operating,United States,,,North America,,,2011-05-06,,3.0,E-Commerce|Analytics,0,0,0,0,0,4000000.0,,,2013-12-03,1.0833333333333333,0.38194444441666664,1,0,,2,23.0
Company52,Company52,1,operating,United States,,,North America,,,2009-07-01,,5.0,E-Commerce|Advertising|Analytics,0,0,0,0,0,13000000.0,,,2011-06-13,0.08333333333333333,0.6444444444166667,0,0,,2,50.0
Company53,Company53,1,operating,United States,,,North America,,,2009-01-01,,5.0,Enterprise Software,1,0,0,0,0,1070901.0,,,2013-12-27,1.6666666666666667,0.4083333333333334,0,0,,3,
Company54,Company54,1,operating,,,,,,,2007-07-01,,7.0,,0,0,0,0,0,,,,,1.0,0.5388888889166666,1,0,,4,
Company55,Company55,1,operating,United States,,,North America,,,2012-09-01,,2.0,,0,0,0,0,0,6500000.0,,,2014-02-04,0.6666666666666666,0.34861111108333337,0,1,,1,38.0
Company56,Company56,1,operating,,,,,,,2011-07-01,,3.0,Cloud Computing,0,0,0,0,0,,,,,0.9166666666666666,0.27499999999999997,0,1,,2,
Company57,Company57,1,operating,United States,,,North America,,,2008-03-01,,6.0,Advertising|Marketing|Analytics,0,0,0,0,0,,,,2010-04-01,2.0,2.0,1,0,,2,
Company58,Company58,1,operating,United States,,,North America,,,2012-04-17,,2.0,Analytics|Advertising|Cloud Computing|Marketing,0,0,0,0,0,1000000.0,,,2013-06-25,0.5833333333333334,0.3930555555833333,0,1,,2,24.0
Company59,Company59,1,operating,,,,,,,2012-07-01,,2.0,,0,0,0,0,0,,,,,1.3333333333333333,1.3333333333333333,1,0,,2,
Company60,Company60,1,operating,United States,,,North America,,,2012-01-01,,2.0,Analytics|Network / Hosting / Infrastructure,0,0,0,0,0,2000000.0,,,2013-08-07,0.08333333333333333,0.27685185183333333,1,1,,2,13.0
Company61,Company61,1,operating,United States,,,North America,,,2009-01-01,,5.0,Finance,0,0,0,0,1,3900000.0,,,2013-05-09,1.1666666666666667,1.0620370366666667,0,0,,2,22.0
Company62,Company62,1,operating,United States,,,North America,,,2012-01-01,,2.0,Mobile|Analytics,0,0,1,0,0,4100000.0,,,2013-07-10,0.8333333333333334,0.33194444441666665,0,1,,2,
Company63,Company63,1,operating,India,,,APAC,,,2012-11-01,,2.0,E-Commerce|Marketing,0,0,0,0,0,750000.0,,,2013-07-03,0.8333333333333334,0.8333333333333334,1,0,,2,17.0
Company64,Company64,1,operating,India,,,APAC,,,2012-11-01,,2.0,Education|E-Commerce|Mobile,0,0,1,0,0,,,,2013-03-01,0.3333333333333333,0.3333333333333333,0,1,,2,3.0
Company65,Company65,1,operating,,,,,,,2012-07-01,,2.0,,0,0,0,0,0,,,,,0.08333333333333333,0.08333333333333333,0,1,,2,
Company66,Company66,1,operating,,,,,,,2007-07-01,,7.0,,0,0,0,0,0,,,,,6.25,6.25,0,0,,2,
Company67,Company67,1,operating,United States,,,North America,,,2009-01-01,,5.0,E-Commerce|Retail|Marketing|Mobile|Advertising|Deals,0,0,1,0,0,,,,2013-06-07,3.0,0.7888888889166666,0,0,,4,43.0
Company68,Company68,1,operating,India,,,APAC,,,2012-01-01,,2.0,Analytics|Market Research|Mobile,0,0,1,0,0,,,,2013-08-26,1.6666666666666667,1.6666666666666667,1,0,,2,
Company69,Company69,1,operating,Azerbaijan,,,EU,,,2013-01-31,,1.0,Advertising|Mobile|Analytics,0,0,1,0,0,62000.0,,,2014-03-01,0.16666666666666666,0.5,0,1,,2,
Company70,Company70,1,operating,Azerbaijan,,,EU,,,2011-04-14,,3.0,Analytics,0,0,0,0,0,10000.0,,,2013-12-13,2.6666666666666665,2.6666666666666665,0,1,,4,
Company71,Company71,1,operating,Belgium,,,EU,,,2009-10-15,,5.0,Media|Analytics|Entertainment,0,0,0,0,0,425000.0,,,2009-10-15,0.08333333333333333,0.08333333333333333,1,0,,3,6.0
Company72,Company72,1,operating,Belgium,,,EU,,,2011-04-01,,3.0,Analytics|Retail|Mobile,0,0,1,0,0,125000.0,,,2011-08-01,0.3333333333333333,0.3333333333333333,0,1,,0,
Company73,Company73,1,operating,Bulgaria,,,EU,,,2012-08-01,,2.0,Analytics|Cloud Computing,0,0,0,0,0,30000.0,,,2013-09-01,1.0,1.0,1,0,,3,2.0
Company74,Company74,1,operating,Bulgaria,,,EU,,,2010-01-01,,4.0,Analytics,0,0,0,0,0,25000.0,,,2013-08-01,3.0,0.1875,0,1,,2,
Company75,Company75,1,operating,Bulgaria,,,EU,,,2013-03-18,,1.0,Transportation|Analytics,0,0,0,0,0,135000.0,,,2013-08-30,0.4166666666666667,0.4166666666666667,0,1,,2,9.0
Company76,Company76,1,operating,Czech Republic,,,EU,,,2012-06-01,,2.0,Analytics|Publishing|Mobile,0,0,1,0,0,110000.0,,,2012-08-09,0.16666666666666666,0.16666666666666666,1,0,,2,7.0
Company77,Company77,1,operating,Germany,,,EU,,,2012-10-01,,2.0,Analytics|Mobile,0,0,1,0,0,,,,2013-05-01,0.5833333333333334,0.5833333333333334,0,1,,2,13.0
Company78,Company78,1,operating,Spain,,,EU,,,2012-07-17,,2.0,Human Resources (HR)|Enterprise Software|Career / Job Search|Social Networking|Analytics,1,0,0,0,0,,,,,0.08333333333333333,0.08333333333333333,0,0,,4,11.0
Company79,Company79,1,operating,France,,,EU,,,2010-05-01,,4.0,Analytics|Marketing,0,0,0,0,0,1300000.0,,,2011-05-03,1.0,1.0,0,1,,3,41.0
Company80,Company80,1,operating,France,,,EU,,,2010-06-01,,4.0,Analytics,0,0,0,0,0,,,,,0.08333333333333333,0.08333333333333333,0,0,,3,
Company81,Company81,1,operating,France,,,EU,,,2010-01-01,,4.0,Analytics|Marketing,0,0,0,0,0,1900000.0,,,2013-11-12,3.75,3.75,0,1,,2,18.0
Company82,Company82,1,operating,United Kingdom,,,EU,,,2012-07-01,,2.0,Analytics,0,0,0,0,0,,,,,0.08333333333333333,0.4166666666666667,0,0,,2,
Company83,Company83,1,operating,United Kingdom,,,EU,,,2011-01-01,,3.0,E-Commerce|Analytics,0,0,0,0,0,800000.0,,,2010-06-03,0.08333333333333333,0.08333333333333333,1,0,,5,11.0
Company84,Company84,1,operating,United Kingdom,,,EU,,,2011-07-18,,3.0,Media|Marketing|Analytics,0,0,0,0,0,1000000.0,,,2014-02-19,2.9166666666666665,2.9166666666666665,0,1,,2,14.0
Company85,Company85,1,operating,United Kingdom,,,EU,,,2011-01-01,,3.0,Analytics|Marketing,0,0,0,0,0,1800000.0,,,2013-06-06,1.6666666666666667,0.2736111110833333,1,1,,4,18.0
Company86,Company86,1,operating,United Kingdom,,,EU,,,2011-11-11,,3.0,Analytics|Food & Beverages|Social Networking|Mobile,0,0,1,0,0,50000.0,,,2012-09-18,1.0,1.0,0,1,,2,
Company87,Company87,1,operating,United Kingdom,,,EU,,,2010-11-01,,4.0,E-Commerce|Analytics|Advertising|Mobile,0,0,1,0,0,50000.0,,,2011-04-01,0.08333333333333333,0.6319444444166666,0,1,,3,6.0
Company88,Company88,1,operating,United Kingdom,,,EU,,,2009-07-07,,5.0,Media|Advertising|Analytics|Marketing,0,0,0,0,0,3000000.0,,,2012-03-19,0.08333333333333333,1.3777777775000002,0,0,,2,20.0
Company89,Company89,1,operating,United Kingdom,,,EU,,,2011-01-01,,3.0,Analytics,0,0,0,0,0,200000.0,,,2013-04-01,0.08333333333333333,0.5185185185,0,1,,2,
Company90,Company90,1,operating,United Kingdom,,,EU,,,2013-02-01,,1.0,E-Commerce|Retail|Analytics,0,0,0,0,0,1500000.0,,,2014-03-25,0.08333333333333333,0.5791666666666667,0,1,,2,10.0
Company91,Company91,1,operating,United States,,,North America,,,2010-03-01,,4.0,Social Networking,0,0,0,0,0,1700000.0,,,2010-03-01,0.25,0.08333333333333333,0,0,,0,6.0
Company92,Company92,1,operating,United States,,,North America,,,2011-01-01,,3.0,Healthcare,0,0,0,0,1,1300000.0,,,2014-02-10,1.5,0.75,0,0,,0,28.0
Company93,Company93,1,operating,United States,,,North America,,,2010-07-07,,4.0,E-Commerce|Mobile,0,0,1,0,0,1100000.0,,,2014-03-01,3.75,3.75,1,0,,3,25.0
Company94,Company94,1,operating,Canada,,,North America,,,2007-07-01,,7.0,Healthcare,0,0,0,0,1,,,,,5.833333333333333,5.833333333333333,1,0,,2,
Company95,Company95,1,operating,United States,,,North America,,,2002-01-01,,12.0,Analytics,0,0,0,0,0,7500000.0,,,2011-09-07,5.416666666666667,1.2907407408333333,1,0,,0,31.0
Company96,Company96,1,operating,India,,,APAC,,,2011-07-01,,3.0,Enterprise Software,1,0,0,0,0,50000.0,,,2013-05-01,0.6666666666666666,0.4138888889166667,0,1,,2,8.0
Company97,Company97,1,operating,,,,,,,2012-07-01,,2.0,,0,0,0,0,0,,,,,1.0,1.0,0,1,,3,
Company98,Company98,1,operating,,,,,,,2012-07-01,,2.0,Real Estate,0,0,0,0,0,,,,,1.0,1.0,0,1,,4,
Company99,Company99,1,operating,,,,,,,2012-07-01,,2.0,,0,0,0,0,0,,,,,2.0,2.0,0,1,,2,
Company100,Company100,1,operating,India,,,APAC,,,2012-01-01,,2.0,E-Commerce,0,0,0,0,0,,,,2013-05-14,1.4166666666666667,1.4166666666666667,0,1,,2,6.0
Company101,Company101,1,operating,,,,,,,2012-07-01,,2.0,,0,0,0,0,0,,,,,1.3333333333333333,0.2555555555833333,1,1,,2,
Company102,Company102,1,operating,Belgium,,,EU,,,2012-06-01,,2.0,Analytics,0,0,0,0,0,125000.0,,,2012-06-15,0.08333333333333333,0.08333333333333333,1,0,,3,6.0
Company103,Company103,1,operating,Switzerland,,,EU,,,2010-01-01,,4.0,Analytics,0,0,0,0,0,5000000.0,,,2013-11-07,3.9166666666666665,3.9166666666666665,1,0,,2,16.0
Company104,Company104,1,operating,United Kingdom,,,EU,,,2009-09-17,,5.0,Analytics,0,0,0,0,0,50000.0,,,2009-09-01,0.08333333333333333,0.08333333333333333,0,1,,1,
Company105,Company105,1,operating,United Kingdom,,,EU,,,2009-11-05,,5.0,Analytics|Marketing,0,0,0,0,0,500000.0,,,2012-09-08,0.3333333333333333,0.8537037033333333,1,1,,0,13.0
Company106,Company106,1,operating,United Kingdom,,,EU,,,2012-04-20,,2.0,Mobile|Advertising|Social Networking|Marketing|E-Commerce|Analytics|Enterprise Software,1,0,1,0,0,50000.0,,,2012-09-01,0.5,0.5,0,1,,1,
Company107,Company107,1,operating,United States,,,North America,,,2008-01-01,,6.0,Network / Hosting / Infrastructure|Food & Beverages|Analytics,0,0,0,0,0,100000.0,,,2013-04-05,3.3333333333333335,0.21388888891666666,0,1,,3,12.0
Company108,Company108,1,operating,United States,,,North America,,,2011-01-01,,3.0,Analytics|E-Commerce|Marketing,0,0,0,0,0,175000.0,,,2013-12-19,0.5,0.54027777775,0,1,,2,12.0
Company109,Company109,1,operating,United States,,,North America,,,2010-07-01,,4.0,Retail,0,0,0,0,0,,,,,1.0,0.10357142858333333,0,1,,1,
Company110,Company110,1,operating,United States,,,North America,,,2010-04-01,,4.0,Market Research,0,0,0,0,0,,,,2010-07-16,0.16666666666666666,0.16666666666666666,0,1,,0,4.0
Company111,Company111,1,operating,United States,,,North America,,,2010-08-01,,4.0,Analytics,0,0,0,0,0,500000.0,,,2010-11-17,0.3333333333333333,0.3333333333333333,0,1,,2,8.0
Company112,Company112,1,operating,United States,,,North America,,,2012-02-01,,2.0,,0,0,0,0,0,,,,2012-10-17,0.5,0.5,0,1,,3,17.0
Company113,Company113,1,operating,,,,,,,2010-07-01,,4.0,,0,0,0,0,0,,,,,1.0,1.0,0,1,,0,
Company114,Company114,1,operating,United States,,,North America,,,2012-01-01,,2.0,Retail|Mobile,0,0,1,0,0,1100000.0,,,2012-11-19,0.8333333333333334,0.8333333333333334,0,1,,0,21.0
Company115,Company115,1,operating,United States,,,North America,,,2009-01-01,,5.0,Mobile|Marketing,0,0,1,0,0,650000.0,,,2012-12-20,0.08333333333333333,1.0,0,1,,1,8.0
Company116,Company116,1,operating,,,,,,,2013-07-01,,1.0,,0,0,0,0,0,,,,,0.4166666666666667,0.5,0,1,,0,
Company117,Company117,1,operating,United States,,,North America,,,2011-12-01,,3.0,Analytics|Marketing,0,0,0,0,0,750000.0,,,2013-11-10,2.0,0.5,0,1,,0,12.0
Company118,Company118,1,operating,United States,,,North America,,,2009-01-01,,5.0,Network / Hosting / Infrastructure,0,0,0,0,0,17000000.0,,,2013-11-12,3.75,0.9597222224999999,0,0,,3,14.0
Company119,Company119,1,operating,United States,,,North America,,,2005-05-01,,9.0,Enterprise Software,1,0,0,0,0,10000000.0,,,2013-07-29,5.833333333333333,0.8361111108333333,0,0,,2,32.0
Company120,Company120,1,operating,United States,,,North America,,,2008-01-30,,6.0,Real Estate|Mobile|E-Commerce,0,0,1,0,0,3500000.0,,,2012-08-06,1.0,1.6666666666666667,0,1,,2,22.0
Company121,Company121,1,operating,United States,,,North America,,,2012-07-01,,2.0,Media|Entertainment|Analytics|Network / Hosting / Infrastructure|Publishing,0,0,0,0,0,1700000.0,,,2013-10-04,1.25,1.25,0,0,,0,16.0
Company122,Company122,1,operating,United States,,,North America,,,2010-01-01,,4.0,E-Commerce|Email|Analytics|Marketing,0,0,0,0,0,7000000.0,,,2012-06-26,0.5,0.7694444444166666,0,1,,1,12.0
Company123,Company123,1,operating,United States,,,North America,,,2011-07-05,,3.0,Analytics|Crowdfunding|Search|Marketing,0,0,0,0,0,,,,2011-09-01,0.08333333333333333,1.0,0,0,,0,5.0
Company124,Company124,1,operating,United States,,,North America,,,2010-01-01,,4.0,Analytics|Healthcare,0,0,0,0,1,11000000.0,,,2013-01-02,1.0,0.5194444444166667,0,0,,3,35.0
Company125,Company125,1,operating,United States,,,North America,,,2011-01-01,,3.0,Network / Hosting / Infrastructure|Enterprise Software|Software Development|Analytics,1,0,0,0,0,35000000.0,,,2014-01-22,1.0,0.8564814816666666,0,0,,2,37.0
Company126,Company126,1,operating,United States,,,North America,,,2011-01-01,,3.0,,0,0,0,0,0,50000.0,,,2014-03-27,1.0,0.4462962963333333,0,0,,5,9.0
Company127,Company127,1,operating,United States,,,North America,,,2006-01-01,,8.0,Marketing,0,0,0,0,0,9400000.0,,,2013-10-18,1.0,1.5083333333333335,0,0,,1,138.0
Company128,Company128,1,operating,United States,,,North America,,,2011-03-21,,3.0,,0,0,0,0,0,1700000.0,,,2013-02-01,1.0,0.35833333333333334,0,0,,2,11.0
Company129,Company129,1,operating,United States,,,North America,,,,,,Market Research,0,0,0,0,0,,,,2012-01-11,0.5,0.5,0,0,,1,16.0
Company130,Company130,1,operating,United States,,,North America,,,1999-01-01,,15.0,Healthcare,0,0,0,0,1,6100000.0,,,2010-08-23,10.0,0.4453703703333333,0,0,,0,178.0
Company131,Company131,1,operating,United States,,,North America,,,2008-01-01,,6.0,Analytics|Mobile|Marketing,0,0,1,0,0,16000000.0,,,2014-02-04,1.0,0.6088888889166667,1,0,,0,73.0
Company132,Company132,1,operating,United States,,,North America,,,2006-11-30,,8.0,Marketing,0,0,0,0,0,13000000.0,,,2014-04-08,1.6666666666666667,0.4814814815,0,0,,2,118.0
Company133,Company133,1,operating,Argentina,,,North America,,,2012-06-26,,2.0,Analytics|Telecommunications,0,0,0,0,0,,,,2012-07-01,0.08333333333333333,0.08333333333333333,1,0,,3,10.0
Company134,Company134,1,operating,United States,,,North America,,,2010-10-01,,4.0,Marketing,0,0,0,0,0,2000000.0,,,2013-03-13,0.08333333333333333,0.6208333333333333,1,0,,1,22.0
Company135,Company135,1,operating,United States,,,North America,,,2012-07-01,,2.0,Marketing|Enterprise Software|Analytics,1,0,0,0,0,,,,2013-02-08,0.6666666666666666,0.6666666666666666,1,0,,1,4.0
Company136,Company136,0,closed,United States,,,North America,,,2004-01-01,,10.0,,0,0,0,0,0,62500000.0,,,2009-10-01,4.0,0.4166666666666667,0,0,,3,12.0
Company137,Company137,0,closed,United States,,,North America,,,2000-01-01,,14.0,Network / Hosting / Infrastructure,0,0,0,0,0,15000000.0,,,2009-06-02,5.0,0.6166666666666667,0,0,,0,18.0
Company138,Company138,0,closed,United States,,,North America,,,2004-10-11,,10.0,Media,0,0,0,0,0,5000000.0,,,2011-07-12,1.0,1.4652777774999999,0,0,,1,79.0
Company139,Company139,0,closed,United States,,,North America,,,2005-01-01,,9.0,,0,0,0,0,0,25000000.0,,,2008-04-15,2.0,0.5708333333333333,0,0,,3,3.0
Company140,Company140,0,closed,United States,,,North America,,,2009-03-01,,5.0,E-Commerce,0,0,0,0,0,5000000.0,,,2011-06-01,0.8333333333333334,0.23009259258333334,0,0,,0,
Company141,Company141,0,closed,United States,,,North America,,,2005-01-01,,9.0,,0,0,0,0,0,,,,2011-03-03,2.0,0.42083333333333334,1,0,,1,
Company142,Company142,0,closed,United Kingdom,,,EU,,,2008-01-01,,6.0,Mobile,0,0,1,0,0,,,,,,0.08333333333333333,0,0,,0,35.0
Company143,Company143,0,closed,United States,,,North America,,,2012-01-01,,2.0,E-Commerce|Food & Beverages|Mobile,0,0,1,0,0,,,,,,0.08333333333333333,0,0,,1,1.0
Company144,Company144,0,closed,United States,,,North America,,,2011-08-26,,3.0,Mobile,0,0,1,0,0,1000000.0,,,2012-07-19,0.25,0.2259259259166667,1,1,,3,0.0
Company145,Company145,0,closed,United States,,,North America,,,2010-09-01,,4.0,Education,0,0,0,0,0,800000.0,,,2013-02-18,1.1666666666666667,0.5916666666666667,0,1,,3,19.0
Company146,Company146,0,closed,United States,,,North America,,,2008-01-01,,6.0,Social Networking|Mobile,0,0,1,0,0,2300000.0,,,2011-04-25,1.0,2.1875,1,0,,0,5.0
Company147,Company147,0,closed,Italy,,,EU,,,2007-08-01,,7.0,Entertainment|Media|Mobile,0,0,1,0,0,1500000.0,,,2011-05-17,2.0,0.9902777774999999,0,0,,0,1.0
Company148,Company148,0,closed,,,,,,,2006-07-01,,8.0,,0,0,0,0,0,,,,,0.08333333333333333,0.08333333333333333,1,0,,1,
Company149,Company149,1,operating,,,,,,,2009-07-01,,5.0,,0,0,0,0,0,,,,,0.16666666666666666,0.33425925925,0,0,,2,
Company150,Company150,0,closed,United States,,,North America,,,2006-01-01,,8.0,Search,0,0,0,0,0,1000000.0,,,2008-03-20,2.1666666666666665,2.1666666666666665,0,0,,1,0.0
Company151,Company151,0,closed,United States,,,North America,,,2007-01-01,,7.0,Media,0,0,0,0,0,10000000.0,,,2007-09-01,0.6666666666666666,0.6666666666666666,0,0,,3,
Company152,Company152,1,operating,United States,,,North America,,,2005-01-01,,9.0,Advertising|Gaming|Marketing,0,0,0,0,0,10000000.0,,,2008-06-18,3.3333333333333335,0.13611111108333332,0,0,,3,26.0
Company153,Company153,0,closed,,,,,,,,,,,0,0,0,0,0,,,,,,0.08333333333333333,0,0,,2,
Company154,Company154,0,closed,,,,,,,2010-07-01,,4.0,,0,0,0,0,0,,,,,0.08333333333333333,0.08333333333333333,0,1,,2,
Company155,Company155,1,operating,United States,,,North America,,,2012-01-01,,2.0,,0,0,0,0,0,8000000.0,,,2013-10-02,1.6666666666666667,1.6666666666666667,0,0,,2,48.0
Company156,Company156,1,operating,United States,,,North America,,,2007-04-05,,7.0,,0,0,0,0,0,43000000.0,,,2013-12-11,0.16666666666666666,0.4746031745833333,1,0,,3,
Company157,Company157,1,operating,United States,,,North America,,,2007-01-01,,7.0,Analytics,0,0,0,0,0,20000000.0,,,2012-04-25,1.0,0.7398148148333333,1,0,,2,55.0
Company158,Company158,1,operating,,,,,,,2013-07-01,,1.0,,0,0,0,0,0,,,,,1.0,1.0,0,0,,2,
Company159,Company159,0,closed,United States,,,North America,,,2007-03-01,,7.0,,0,0,0,0,0,4300000.0,,,2008-03-25,1.1666666666666667,1.1666666666666667,0,0,,2,
Company160,Company160,0,closed,,,,,,,2007-07-01,,7.0,,0,0,0,0,0,,,,,,,1,0,,2,
Company161,Company161,1,operating,United States,,,North America,,,2007-01-01,,7.0,Analytics|Enterprise Software,1,0,0,0,0,5000000.0,,,2013-11-04,6.0,6.0,0,0,,1,
Company162,Company162,1,operating,United States,,,North America,,,2013-03-01,,1.0,Analytics|Finance,0,0,0,0,1,3700000.0,,,2014-03-18,0.08333333333333333,0.5305555555833333,1,0,,4,5.0
Company163,Company163,1,operating,United States,,,North America,,,2007-01-01,,7.0,Analytics|Insurance,0,0,0,0,1,7800000.0,,,2013-01-02,1.0,1.0,0,0,,2,103.0
Company164,Company164,1,operating,,,,,,,2009-07-01,,5.0,,0,0,0,0,0,,,,,2.5,0.63472222225,0,1,,2,
Company165,Company165,1,operating,United States,,,North America,,,2013-05-08,,1.0,E-Commerce|Retail|Mobile,0,0,1,0,0,1000000.0,,,2013-10-11,0.08333333333333333,0.13981481483333333,1,1,,3,4.0
Company166,Company166,1,operating,United States,,,North America,,,2011-01-24,,3.0,Gaming|CleanTech|Social Networking|Energy,0,0,0,0,1,6000000.0,,,2014-01-27,0.5,0.6666666666666666,0,1,,2,26.0
Company167,Company167,1,operating,United States,,,North America,,,2012-01-01,,2.0,Analytics,0,0,0,0,0,18000000.0,,,2013-04-30,0.08333333333333333,0.3,0,0,,2,36.0
Company168,Company168,1,operating,United States,,,North America,,,2007-01-01,,7.0,Advertising|Media|Mobile|Marketing,0,0,1,0,0,1500000.0,,,2010-01-01,3.0,3.0,0,0,,1,20.0
Company169,Company169,1,operating,United States,,,North America,,,2009-01-01,,5.0,,0,0,0,0,0,4499999.0,,,2014-03-05,1.6666666666666667,0.8937499999999999,1,1,,1,38.0
Company170,Company170,0,closed,,,,,,,2007-07-01,,7.0,,0,0,0,0,0,,,,,0.08333333333333333,0.08333333333333333,0,0,,2,
Company171,Company171,1,operating,United States,,,North America,,,2010-05-15,,4.0,Analytics|Software Development|Marketing,1,0,0,0,0,1000000.0,,,2013-06-10,3.0833333333333335,3.0833333333333335,0,1,,2,6.0
Company172,Company172,0,closed,United States,,,North America,,,,,,Space Travel,0,0,0,0,0,4000000.0,,,2008-03-20,,,0,0,,3,
Company173,Company173,1,operating,United States,,,North America,,,2012-01-01,,2.0,Analytics,0,0,0,0,0,15000000.0,,,2014-02-10,0.8333333333333334,0.6680555555833334,0,0,,3,24.0
Company174,Company174,1,operating,United States,,,North America,,,2002-12-01,,12.0,,0,0,0,0,0,6000000.0,,,2011-05-20,9.0,0.08333333333333333,0,0,,1,
Company175,Company175,1,operating,United States,,,North America,,,2010-07-01,,4.0,Search|Enterprise Software|Mobile,1,0,1,0,0,,,,,2.1666666666666665,0.5203703703333333,1,0,,2,6.0
Company176,Company176,1,operating,United States,,,North America,,,2012-07-01,,2.0,,0,0,0,0,0,20000.0,,,2012-04-01,,,0,1,,1,3.0
Company177,Company177,1,operating,United States,,,North America,,,2009-02-06,,5.0,Analytics|Marketing|Software Development,1,0,0,0,0,4250000.0,,,2011-12-01,1.0,1.0,1,1,,2,15.0
Company178,Company178,1,operating,United States,,,North America,,,2008-01-01,,6.0,,0,0,0,0,0,30600000.0,,,2013-07-16,0.3333333333333333,0.3333333333333333,1,1,,3,65.0
Company179,Company179,1,operating,United States,,,North America,,,2011-01-01,,3.0,Analytics|Security|Enterprise Software,1,0,0,0,0,24000000.0,,,2013-06-05,3.0,2.0,0,1,,2,41.0
Company180,Company180,1,operating,United States,,,North America,,,2010-01-01,,4.0,Media|Publishing,0,0,0,0,0,200000.0,,,2013-09-12,1.0,0.5,0,1,,2,12.0
Company181,Company181,1,operating,United States,,,North America,,,2012-07-01,,2.0,Analytics|Social Networking|Email,0,0,0,0,0,1017026.0,,,2013-06-28,1.0,0.8333333333333334,0,1,,2,
Company182,Company182,1,operating,United States,,,North America,,,2010-04-01,,4.0,Media|Analytics|Marketing,0,0,0,0,0,,,,2011-01-01,1.0,,0,1,,3,7.0
Company183,Company183,1,operating,United States,,,North America,,,2011-01-01,,3.0,,0,0,0,0,0,,,,2012-01-05,0.08333333333333333,,0,1,,2,11.0
Company184,Company184,1,operating,United States,,,North America,,,2012-01-01,,2.0,E-Commerce|Finance,0,0,0,0,1,,,,2012-01-01,0.08333333333333333,,0,1,,3,
Company185,Company185,1,operating,United States,,,North America,,,2012-01-01,,2.0,Mobile|Analytics,0,0,1,0,0,400000.0,,,2013-09-01,0.5,1.0,0,1,,2,
Company186,Company186,1,operating,United States,,,North America,,,2010-01-29,,4.0,Marketing,0,0,0,0,0,535000.0,,,2012-08-01,2.3333333333333335,1.0,0,1,,3,
Company187,Company187,1,operating,United States,,,North America,,,2012-07-01,,2.0,Analytics|Energy,0,0,0,0,1,,,,,1.0,0.5,0,1,,0,4.0
Company188,Company188,1,operating,United States,,,North America,,,2011-07-01,,3.0,CleanTech|Analytics|Energy,0,0,0,0,1,,,,,,,0,1,,2,9.0
Company189,Company189,1,operating,United States,,,North America,,,2011-01-01,,3.0,,0,0,0,0,0,4500000.0,,,2014-01-30,1.3333333333333333,0.6666666666666666,0,1,,2,15.0
Company190,Company190,1,operating,United States,,,North America,,,2011-01-01,,3.0,Analytics,0,0,0,0,0,16000000.0,,,2013-11-22,1.0,0.6666666666666666,0,0,,2,41.0
Company191,Company191,1,operating,United States,,,North America,,,2007-06-01,,7.0,,0,0,0,0,0,4000000.0,,,2011-09-01,0.8333333333333334,0.6666666666666666,0,1,,1,17.0
Company192,Company192,1,operating,United States,,,North America,,,2011-02-01,,3.0,Advertising|Marketing|Analytics,0,0,0,0,0,1700000.0,,,2012-11-26,0.6666666666666666,0.5,0,1,,2,15.0
Company193,Company193,1,operating,United States,,,North America,,,2012-01-01,,2.0,,0,0,0,0,0,15000000.0,,,2013-09-24,0.8333333333333334,0.75,0,0,,2,1.0
Company194,Company194,1,operating,United States,,,North America,,,2011-01-01,,3.0,Enterprise Software,1,0,0,0,0,21000000.0,,,2014-03-31,1.0833333333333333,1.0,1,0,,2,30.0
Company195,Company195,1,operating,United States,,,North America,,,2013-01-01,,1.0,Retail|Analytics,0,0,0,0,0,4200000.0,,,2013-05-21,0.4166666666666667,0.5,0,0,,2,41.0
Company196,Company196,1,operating,United States,,,North America,,,2012-03-01,,2.0,Analytics,0,0,0,0,0,7000000.0,,,2013-07-16,0.6666666666666666,0.5833333333333334,0,1,,1,19.0
Company197,Company197,1,operating,United States,,,North America,,,2011-11-01,,3.0,Analytics|Enterprise Software|Cloud Computing|Software Development,1,0,0,0,0,10000000.0,,,2012-11-14,1.0833333333333333,0.6666666666666666,1,0,,2,27.0
Company198,Company198,1,operating,United States,,,North America,,,2012-01-01,,2.0,Marketing|Analytics,0,0,0,0,0,3000000.0,,,2013-01-15,0.4166666666666667,1.0,0,1,,2,30.0
Company199,Company199,1,operating,United States,,,North America,,,2011-10-01,,3.0,Analytics,0,0,0,0,0,3150000.0,,,2013-12-10,1.6666666666666667,1.5,0,1,,2,8.0
Company200,Company200,1,operating,United States,,,North America,,,2009-09-01,,5.0,Analytics,0,0,0,0,0,19000000.0,,,2013-12-17,1.0,1.0,0,0,,2,89.0
Company201,Company201,1,operating,United States,,,North America,,,2010-03-31,,4.0,,0,0,0,0,0,45000000.0,,,2013-07-23,0.4166666666666667,1.1666666666666667,0,1,,2,209.0
Company202,Company202,1,operating,United States,,,North America,,,2012-01-01,,2.0,Analytics|Enterprise Software,1,0,0,0,0,8000000.0,,,2013-06-26,1.25,0.9166666666666666,0,1,,2,18.0
Company203,Company203,1,operating,United States,,,North America,,,2011-09-15,,3.0,,0,0,0,0,0,2550000.0,,,2013-09-26,1.5833333333333333,0.5,0,0,,2,44.0
Company204,Company204,1,operating,United States,,,North America,,,2010-03-10,,4.0,Advertising|Market Research,0,0,0,0,0,2800000.0,,,2011-11-08,0.08333333333333333,0.08333333333333333,0,0,,0,48.0
Company205,Company205,1,operating,United States,,,North America,,,2009-01-01,,5.0,Software Development,1,0,0,0,0,,,,2012-08-27,2.5,,0,0,,2,50.0
Company206,Company206,1,operating,United States,,,North America,,,2009-04-01,,5.0,Enterprise Software|Software Development,1,0,0,0,0,8700000.0,,,2012-12-06,0.75,1.0,0,1,,2,27.0
Company207,Company207,1,operating,United States,,,North America,,,2010-01-01,,4.0,Energy,0,0,0,0,1,5000000.0,,,2013-07-24,1.5,0.8333333333333334,0,0,,2,15.0
Company208,Company208,1,operating,United States,,,North America,,,2007-08-01,,7.0,Analytics,0,0,0,0,0,5089656.0,,,2012-09-28,1.5,1.0,0,0,,1,83.0
Company209,Company209,1,operating,United States,,,North America,,,2011-09-01,,3.0,CleanTech|Analytics|Real Estate|Energy,0,0,0,0,1,8500000.0,,,2013-12-10,1.0,0.8333333333333334,1,0,,2,41.0
Company210,Company210,1,operating,United States,,,North America,,,2007-01-01,,7.0,Security|Cloud Computing,0,0,0,0,0,18000000.0,,,2012-05-01,5.0,3.3333333333333335,1,0,,1,53.0
Company211,Company211,1,operating,United States,,,North America,,,2011-01-01,,3.0,CleanTech|Energy,0,0,0,0,1,12750000.0,,,2014-01-27,1.5,1.0833333333333333,1,0,,1,31.0
Company212,Company212,1,operating,United States,,,North America,,,2000-01-01,,14.0,,0,0,0,0,0,4000000.0,,,2012-10-05,7.0,2.0,1,0,,0,58.0
Company213,Company213,1,operating,United States,,,North America,,,2009-06-01,,5.0,E-Commerce,0,0,0,0,0,4000000.0,,,2013-06-26,2.0,0.08333333333333333,1,0,,1,23.0
Company214,Company214,1,operating,United States,,,North America,,,2008-09-15,,6.0,Analytics,0,0,0,0,0,6000001.0,,,2013-12-10,1.4166666666666667,0.75,1,0,,4,43.0
Company215,Company215,1,operating,United States,,,North America,,,2009-01-01,,5.0,Advertising|Retail|Mobile,0,0,1,0,0,,,,2010-07-12,,,1,0,,1,4.0
Company216,Company216,1,operating,United States,,,North America,,,2012-09-15,,2.0,E-Commerce|Enterprise Software|Analytics,1,0,0,0,0,795000.0,,,2013-07-10,1.25,0.08333333333333333,1,0,,2,9.0
Company217,Company217,1,operating,,,,,,,2012-07-01,,2.0,,0,0,0,0,0,,,,,1.0,1.0,1,0,,2,
Company218,Company218,1,operating,,,,,,,2009-07-01,,5.0,,0,0,0,0,0,,,,,1.9166666666666667,1.0,1,0,,1,
Company219,Company219,1,operating,United States,,,North America,,,2000-01-01,,14.0,Analytics,0,0,0,0,0,11778004.0,,,2013-12-22,6.0,2.25,1,0,,0,172.0
Company220,Company220,1,operating,Singapore,,,APAC,,,2008-08-01,,6.0,E-Commerce|Analytics|Mobile|Retail,0,0,1,0,0,4500000.0,,,2014-02-11,4.0,2.0,0,1,,3,410.0
Company221,Company221,1,operating,,,,,,,2007-07-01,,7.0,,0,0,0,0,0,,,,,5.0,0.08333333333333333,0,1,,2,
Company222,Company222,1,operating,United States,,,North America,,,,,,Analytics,0,0,0,0,0,20000000.0,,,2012-08-23,2.0,0.08333333333333333,1,0,,3,448.0
Company223,Company223,1,operating,United States,,,North America,,,2007-06-04,,7.0,Entertainment,0,0,0,0,0,500000.0,,,2008-02-01,1.25,0.8333333333333334,1,0,,0,1.0
Company224,Company224,0,closed,United States,,,North America,,,2009-07-01,,5.0,,0,0,0,0,0,800000.0,,,2012-02-05,2.5,1.6666666666666667,1,1,,2,
Company225,Company225,0,closed,United States,,,North America,,,2009-08-01,,5.0,Music,0,0,0,0,0,18000.0,,,2010-03-01,1.0,1.0,0,1,,0,1.0
Company226,Company226,1,operating,United States,,,North America,,,2010-07-01,,4.0,Analytics|E-Commerce,0,0,0,0,0,11000000.0,,,2013-05-17,0.6666666666666666,0.5,0,0,,2,10.0
Company227,Company227,0,closed,United States,,,North America,,,2008-08-01,,6.0,Mobile,0,0,1,0,0,150000.0,,,2009-12-04,1.0,1.1666666666666667,1,1,,2,0.0
Company228,Company228,0,closed,United States,,,North America,,,2005-12-01,,9.0,Finance,0,0,0,0,1,4000000.0,,,2007-06-01,1.6666666666666667,1.0,0,1,,1,0.0
Company229,Company229,1,operating,,,,,,,2012-07-01,,2.0,,0,0,0,0,0,,,,,0.6666666666666666,0.5805555555833334,0,0,,2,
Company230,Company230,1,operating,United States,,,North America,,,2012-01-01,,2.0,Analytics|Enterprise Software,1,0,0,0,0,600000.0,,,2013-02-26,1.0,1.0,0,1,,2,4.0
Company231,Company231,1,operating,United States,,,North America,,,2012-02-01,,2.0,Analytics|Marketing,0,0,0,0,0,1000000.0,,,2013-11-06,1.6666666666666667,1.6666666666666667,0,1,,2,13.0
Company232,Company232,1,operating,United States,,,North America,,,2011-11-01,,3.0,Network / Hosting / Infrastructure|Analytics,0,0,0,0,0,3200000.0,,,2013-10-09,0.16666666666666666,0.5990740740833334,0,1,,3,13.0
Company233,Company233,0,closed,United States,,,North America,,,,,,,0,0,0,0,0,1000000.0,,,2008-09-24,0.08333333333333333,0.37083333333333335,1,1,,2,
Company234,Company234,1,operating,United States,,,North America,,,2010-05-01,,4.0,,0,0,0,0,0,15500000.0,,,2014-02-05,0.08333333333333333,1.385185185,0,0,,3,36.0
Company235,Company235,1,operating,United States,,,North America,,,2008-07-01,,6.0,E-Commerce|Publishing|Marketing,0,0,0,0,0,3500000.0,,,2013-03-08,3.75,0.5361111110833333,0,0,,5,52.0
Company236,Company236,1,operating,,,,,,,2012-07-01,,2.0,,0,0,0,0,0,,,,,1.0,1.0,0,1,,3,
Company237,Company237,0,closed,,,,,,,2005-07-01,,9.0,,0,0,0,0,0,,,,,0.08333333333333333,0.08333333333333333,0,0,,1,
Company238,Company238,1,operating,United States,,,North America,,,2012-07-01,,2.0,Analytics|Marketing,0,0,0,0,0,1200000.0,,,2012-12-03,0.08333333333333333,0.08333333333333333,1,0,,4,12.0
Company239,Company239,1,operating,United States,,,North America,,,2012-01-01,,2.0,E-Commerce|Market Research|Analytics|Deals|Finance,0,0,0,0,1,455000.0,,,2013-05-03,1.3333333333333333,1.3333333333333333,0,1,,2,5.0
Company240,Company240,1,operating,United States,,,North America,,,2011-01-01,,3.0,Marketing,0,0,0,0,0,8100000.0,,,2014-01-14,0.8333333333333334,0.7564814814999999,0,0,,4,95.0
Company241,Company241,0,closed,,,,,,,2007-07-01,,7.0,,0,0,0,0,0,,,,,0.08333333333333333,0.08333333333333333,0,0,,2,
Company242,Company242,1,operating,United States,,,North America,,,,,,Cloud Computing|Energy,0,0,0,0,1,714205.0,,,2012-11-28,0.08333333333333333,0.6986111110833333,0,0,,2,8.0
Company243,Company243,1,operating,United States,,,North America,,,2009-04-01,,5.0,Network / Hosting / Infrastructure|Enterprise Software,1,0,0,0,0,8000000.0,,,2014-03-14,1.5,1.1888888891666667,0,0,,2,31.0
Company244,Company244,1,operating,United States,,,North America,,,2010-10-01,,4.0,Security,0,0,0,0,0,30000000.0,,,2012-12-05,0.9166666666666666,0.65,0,1,,1,297.0
Company245,Company245,1,operating,India,,,APAC,,,2012-07-01,,2.0,Mobile|Analytics,0,0,1,0,0,28000.0,,,2012-10-15,0.08333333333333333,0.08333333333333333,1,0,,2,6.0
Company246,Company246,1,operating,India,,,APAC,,,2009-10-01,,5.0,Education,0,0,0,0,0,,,,2013-11-24,1.6666666666666667,1.0,0,1,,2,45.0
Company247,Company247,1,operating,India,,,APAC,,,2011-04-01,,3.0,Career / Job Search,0,0,0,0,0,,,,2013-07-25,2.25,2.25,1,0,,2,19.0
Company248,Company248,1,operating,Belgium,,,EU,,,2010-07-15,,4.0,Advertising|Analytics,0,0,0,0,0,3000000.0,,,2013-12-22,0.08333333333333333,0.08333333333333333,0,1,,5,14.0
Company249,Company249,1,operating,Denmark,,,EU,,,2012-09-01,,2.0,Analytics,0,0,0,0,0,,,,2013-11-29,1.0,1.0,0,1,,2,
Company250,Company250,1,operating,Spain,,,EU,,,2012-05-04,,2.0,Analytics,0,0,0,0,0,110000.0,,,2012-11-19,0.5833333333333334,0.5833333333333334,0,1,,0,
Company251,Company251,1,operating,Finland,,,EU,,,2012-06-01,,2.0,Analytics|Marketing,0,0,0,0,0,600000.0,,,2013-06-01,1.0,1.0,0,1,,2,11.0
Company252,Company252,1,operating,France,,,EU,,,2011-05-10,,3.0,Analytics,0,0,0,0,0,,,,2013-02-25,0.6666666666666666,0.3611111110833333,1,1,,4,10.0
Company253,Company253,1,operating,France,,,EU,,,2013-07-01,,1.0,Analytics|Retail|Mobile|Enterprise Software|Market Research,1,0,1,0,0,450000.0,,,2014-03-12,0.75,0.16666666666666666,0,1,,3,
Company254,Company254,1,operating,United Kingdom,,,EU,,,2009-05-01,,5.0,Cloud Computing|E-Commerce|Analytics,0,0,0,0,0,3600000.0,,,2012-09-19,0.3333333333333333,1.0888888891666666,0,1,,2,20.0
Company255,Company255,1,operating,United Kingdom,,,EU,,,2012-01-01,,2.0,Analytics,0,0,0,0,0,2100000.0,,,2013-10-01,1.5,1.5,0,0,,3,5.0
Company256,Company256,1,operating,United Kingdom,,,EU,,,2011-01-01,,3.0,Analytics|Retail,0,0,0,0,0,15000.0,,,2012-04-04,1.3333333333333333,1.3333333333333333,0,1,,2,10.0
Company257,Company257,1,operating,United Kingdom,,,EU,,,2010-01-01,,4.0,Media|Analytics|Entertainment,0,0,0,0,0,,,,,0.08333333333333333,0.08333333333333333,0,0,,3,7.0
Company258,Company258,1,operating,United Kingdom,,,EU,,,2011-01-01,,3.0,Analytics|E-Commerce,0,0,0,0,0,400000.0,,,2013-03-01,2.0,2.0,0,1,,3,7.0
Company259,Company259,1,operating,United Kingdom,,,EU,,,2013-01-01,,1.0,Analytics,0,0,0,0,0,,,,2013-06-01,0.08333333333333333,0.08333333333333333,0,1,,0,5.0
Company260,Company260,1,operating,United Kingdom,,,EU,,,2010-06-01,,4.0,Analytics|Marketing,0,0,0,0,0,,,,2014-03-07,3.75,3.75,0,1,,1,4.0
Company261,Company261,1,operating,United Kingdom,,,EU,,,2010-01-01,,4.0,Analytics,0,0,0,0,0,1500000.0,,,2012-09-28,1.0,0.8833333333333333,0,1,,2,14.0
Company262,Company262,1,operating,United Kingdom,,,EU,,,2010-08-01,,4.0,Analytics,0,0,0,0,0,42000000.0,,,2013-12-03,0.08333333333333333,0.5811111110833334,0,1,,1,104.0
Company263,Company263,0,closed,United States,,,North America,,,2007-06-01,,7.0,E-Commerce,0,0,0,0,0,1300000.0,,,2008-01-31,0.6666666666666666,0.6666666666666666,0,1,,1,
Company264,Company264,0,closed,Israel,,,APAC,,,2007-01-01,,7.0,Search|Social Networking,0,0,0,0,0,1750000.0,,,2008-07-19,0.08333333333333333,0.5750000000000001,0,0,,3,
Company265,Company265,1,operating,United States,,,North America,,,2005-10-01,,9.0,Telecommunications,0,0,0,0,0,10000000.0,,,2008-06-23,1.9166666666666667,0.3314814815,1,0,,2,9.0
Company266,Company266,1,operating,United States,,,North America,,,,,,Publishing,0,0,0,0,0,10000000.0,,,2011-05-05,0.08333333333333333,0.8518518516666668,1,0,,1,244.0
Company267,Company267,0,closed,,,,,,,2007-07-01,,7.0,,0,0,0,0,0,,,,,0.08333333333333333,0.08333333333333333,1,0,,0,
Company268,Company268,0,closed,United States,,,North America,,,,,,Advertising,0,0,0,0,0,8000000.0,,,2005-10-01,0.08333333333333333,0.29722222225,0,0,,1,1.0
Company269,Company269,1,operating,United States,,,North America,,,2005-02-01,,9.0,,0,0,0,0,0,27500000.0,,,2010-12-20,0.75,1.0250000000000001,1,1,,3,16.0
Company270,Company270,0,closed,United States,,,North America,,,,,,Network / Hosting / Infrastructure|Publishing,0,0,0,0,0,,,,,0.08333333333333333,0.08333333333333333,0,0,,2,
Company271,Company271,0,closed,,,,,,,2011-07-01,,3.0,,0,0,0,0,0,,,,,0.08333333333333333,0.08333333333333333,0,1,,3,
Company272,Company272,0,closed,Austria,,,EU,,,2009-04-01,,5.0,Mobile,0,0,1,0,0,,,,2009-01-01,0.08333333333333333,0.08333333333333333,1,0,,3,
Company273,Company273,0,closed,India,,,APAC,,,2007-09-01,,7.0,Classifieds|Network / Hosting / Infrastructure,0,0,0,0,0,10000.0,,,2007-07-01,0.08333333333333333,0.08333333333333333,0,1,,1,
Company274,Company274,0,closed,Denmark,,,EU,,,2011-10-01,,3.0,Media|Advertising|E-Commerce,0,0,0,0,0,600000.0,,,2012-04-01,0.5833333333333334,0.5833333333333334,0,1,,4,2.0
Company275,Company275,0,closed,,,,,,,,,,,0,0,0,0,0,,,,,0.08333333333333333,0.08333333333333333,0,1,,2,
Company276,Company276,0,closed,,,,,,,2006-07-01,,8.0,,0,0,0,0,0,,,,,1.6666666666666667,1.6666666666666667,1,0,,2,
Company277,Company277,0,closed,,,,,,,2009-07-01,,5.0,,0,0,0,0,0,,,,,0.08333333333333333,0.08333333333333333,0,0,,1,
Company278,Company278,0,closed,United States,,,North America,,,2011-06-01,,3.0,Software Development,1,0,0,0,0,,,,2011-01-01,0.08333333333333333,0.08333333333333333,0,0,,1,
Company279,Company279,0,closed,United States,,,North America,,,2007-06-01,,7.0,Search|Healthcare,0,0,0,0,1,,,,,0.5,0.08333333333333333,0,0,,2,
Company280,Company280,0,closed,United States,,,North America,,,,,,,0,0,0,0,0,10000000.0,,,2009-01-01,0.08333333333333333,0.08333333333333333,0,0,,2,
Company281,Company281,0,closed,United States,,,North America,,,2010-02-01,,4.0,Mobile|Telecommunications,0,0,1,0,0,1500000.0,,,2011-05-10,0.25,0.25,0,1,,3,0.0
Company282,Company282,0,closed,United Kingdom,,,EU,,,2007-03-01,,7.0,Entertainment,0,0,0,0,0,13200000.0,,,2005-06-01,,,0,0,,0,20.0
Company283,Company283,0,closed,Russian Federation,,,EU,,,2010-04-08,,4.0,E-Commerce,0,0,0,0,0,900000.0,,,2011-03-25,0.5,0.5,1,0,,3,7.0
Company284,Company284,0,closed,United States,,,North America,,,2005-01-01,,9.0,Cloud Computing|E-Commerce|Classifieds,0,0,0,0,0,,,,2006-01-01,2.0,2.0,0,1,,1,
Company285,Company285,0,closed,Spain,,,EU,,,2008-01-01,,6.0,Gaming|Entertainment,0,0,0,0,0,800000.0,,,2010-07-10,2.0,0.08333333333333333,1,1,,1,
Company286,Company286,0,closed,United States,,,North America,,,2009-10-01,,5.0,Marketing,0,0,0,0,0,,,,2009-01-01,0.08333333333333333,0.08333333333333333,0,1,,1,
Company287,Company287,0,closed,,,,,,,2012-07-01,,2.0,,0,0,0,0,0,,,,,1.0,1.0,0,1,,2,
Company288,Company288,0,closed,,,,,,,2008-07-01,,6.0,,0,0,0,0,0,,,,,0.08333333333333333,0.08333333333333333,0,1,,5,
Company289,Company289,0,closed,United States,,,North America,,,2008-01-01,,6.0,Food & Beverages,0,0,0,0,0,500000.0,,,2008-01-01,0.08333333333333333,0.08333333333333333,0,1,,1,
Company290,Company290,0,closed,,,,,,,2011-07-01,,3.0,,0,0,0,0,0,,,,,0.08333333333333333,0.08333333333333333,0,1,,4,
Company291,Company291,0,closed,,,,,,,2009-07-01,,5.0,,0,0,0,0,0,,,,,0.08333333333333333,0.08333333333333333,0,1,,3,
Company292,Company292,0,closed,United States,,,North America,,,2012-01-01,,2.0,Marketing|Mobile|E-Commerce,0,0,1,0,0,,,,,0.08333333333333333,0.08333333333333333,0,0,,3,
Company293,Company293,0,closed,United States,,,North America,,,2011-11-08,,3.0,Mobile|Cloud Computing|Enterprise Software,1,0,1,0,0,620000.0,,,2012-01-19,0.25,0.25,0,1,,2,1.0
Company294,Company294,0,closed,United States,,,North America,,,2007-11-01,,7.0,Software Development,1,0,0,0,0,,,,2007-11-01,0.08333333333333333,0.08333333333333333,1,0,,1,
Company295,Company295,0,closed,,,,,,,2008-07-01,,6.0,,0,0,0,0,0,,,,,1.25,1.25,1,0,,2,
Company296,Company296,0,closed,,,,,,,2006-07-01,,8.0,,0,0,0,0,0,,,,,0.08333333333333333,0.08333333333333333,0,1,,2,
Company297,Company297,0,closed,United States,,,North America,,,2008-06-04,,6.0,Music|Media|Software Development,1,0,0,0,0,,,,,0.08333333333333333,0.08333333333333333,0,1,,1,
Company298,Company298,0,closed,United States,,,North America,,,2009-11-20,,5.0,Analytics|Advertising,0,0,0,0,0,250000.0,,,2011-08-05,1.8333333333333333,1.8333333333333333,1,0,,2,
Company299,Company299,1,operating,United States,,,North America,,,2011-01-01,,3.0,E-Commerce|Analytics|Advertising|Enterprise Software,1,0,0,0,0,250000.0,,,2011-10-01,0.08333333333333333,0.08333333333333333,0,1,,2,0.0
Company300,Company300,1,operating,United States,,,North America,,,2010-11-01,,4.0,Cloud Computing|Analytics,0,0,0,0,0,584988.0,,,2011-09-06,1.0,1.0,0,1,,2,3.0
Company301,Company301,1,operating,United States,,,North America,,,2011-09-01,,3.0,Travel|Deals|Analytics|Hospitality,0,0,0,0,0,118000.0,,,2012-05-17,0.08333333333333333,0.4166666666666667,0,1,,3,4.0
Company302,Company302,1,operating,United States,,,North America,,,2011-01-01,,3.0,Media|E-Commerce|Analytics|Entertainment,0,0,0,0,0,1000000.0,,,2011-01-01,0.08333333333333333,0.08333333333333333,0,1,,7,0.0
Company303,Company303,1,operating,United States,,,North America,,,2010-02-05,,4.0,E-Commerce|Analytics|Network / Hosting / Infrastructure,0,0,0,0,0,1320384.0,,,2011-10-11,1.8333333333333333,1.8333333333333333,0,0,,2,
Company304,Company304,1,operating,United States,,,North America,,,2009-03-01,,5.0,Analytics|Advertising|Marketing|Entertainment|Media|Mobile,0,0,1,0,0,1400000.0,,,2012-01-01,2.8333333333333335,2.8333333333333335,0,1,,3,5.0
Company305,Company305,1,operating,United States,,,North America,,,2010-05-05,,4.0,Analytics|Advertising|Mobile,0,0,1,0,0,1530000.0,,,2012-02-10,1.0,0.3958333333333333,1,0,,2,8.0
Company306,Company306,1,operating,United States,,,North America,,,2010-10-01,,4.0,Analytics|Mobile|Media|Enterprise Software,1,0,1,0,0,1100000.0,,,2012-09-01,0.5,0.4694444444166667,0,1,,4,
Company307,Company307,1,operating,United States,,,North America,,,2007-01-01,,7.0,Marketing|Media|Analytics|Advertising,0,0,0,0,0,250000.0,,,2012-06-28,3.8333333333333335,0.7875,0,1,,4,0.0
Company308,Company308,1,operating,United States,,,North America,,,2010-11-01,,4.0,E-Commerce|Analytics|Marketing,0,0,0,0,0,2669209.0,,,2012-04-12,0.4166666666666667,0.18888888891666666,1,0,,2,6.0
Company309,Company309,1,operating,United States,,,North America,,,2011-01-01,,3.0,Analytics|Search|Hospitality,0,0,0,0,0,4000000.0,,,2012-04-23,0.6666666666666666,0.3180555555833333,1,1,,3,25.0
Company310,Company310,1,operating,United States,,,North America,,,2007-09-01,,7.0,Advertising|Social Networking|Analytics|Gaming,0,0,0,0,0,4000000.0,,,2009-10-16,0.75,0.4814814815,0,0,,2,8.0
Company311,Company311,1,operating,United States,,,North America,,,2009-07-14,,5.0,Cloud Computing|Social Networking|Analytics,0,0,0,0,0,595000.0,,,2013-06-04,0.08333333333333333,0.4601851851666667,1,0,,3,39.0
Company312,Company312,1,operating,United States,,,North America,,,2011-02-01,,3.0,Analytics|Mobile|Enterprise Software|Software Development,1,0,1,0,0,5000000.0,,,2012-04-10,0.5,0.25,0,1,,1,6.0
Company313,Company313,1,operating,United States,,,North America,,,2007-12-01,,7.0,Analytics,0,0,0,0,0,750000.0,,,2012-03-30,0.8333333333333334,0.7255555555833334,0,0,,1,3.0
Company314,Company314,1,operating,United States,,,North America,,,2005-07-07,,9.0,Analytics|Government,0,0,0,0,0,5500000.0,,,2010-08-26,4.0,1.7425925925,0,0,,2,4.0
Company315,Company315,1,operating,United States,,,North America,,,2005-05-15,,9.0,Analytics,0,0,0,0,0,7400000.0,,,2011-10-05,0.5,1.9472222225,0,0,,2,4.0
Company316,Company316,1,operating,United States,,,North America,,,2010-01-01,,4.0,Analytics,0,0,0,0,0,10000000.0,,,2012-01-24,1.4166666666666667,0.4166666666666667,0,0,,2,13.0
Company317,Company317,1,operating,United States,,,North America,,,2005-07-14,,9.0,Music|Search|Analytics,0,0,0,0,0,17300000.0,,,2012-07-12,2.0,0.9736111108333333,0,0,,2,83.0
Company318,Company318,1,operating,United States,,,North America,,,2006-03-01,,8.0,Analytics,0,0,0,0,0,,,,,0.08333333333333333,0.08333333333333333,0,0,,1,
Company319,Company319,1,operating,United States,,,North America,,,2007-04-01,,7.0,Analytics|Entertainment,0,0,0,0,0,,,,,0.08333333333333333,0.08333333333333333,0,0,,1,14.0
Company320,Company320,1,operating,United States,,,North America,,,2005-07-01,,9.0,Analytics,0,0,0,0,0,30000000.0,,,2010-09-22,0.5833333333333334,1.2402777775,1,0,,3,
Company321,Company321,1,operating,United States,,,North America,,,2008-04-01,,6.0,Advertising|Analytics,0,0,0,0,0,560001.0,,,2010-01-06,0.16666666666666666,0.5694444444166666,0,1,,3,
Company322,Company322,1,operating,United States,,,North America,,,2005-01-01,,9.0,Analytics,0,0,0,0,0,3000000.0,,,2009-07-20,4.166666666666667,4.166666666666667,0,1,,2,1.0
Company323,Company323,0,closed,United States,,,North America,,,2008-01-01,,6.0,Education|Analytics|Finance|Social Networking,0,0,0,0,1,2500000.0,,,2009-06-19,1.6666666666666667,1.6666666666666667,0,1,,2,4.0
Company324,Company324,1,operating,United States,,,North America,,,2007-01-01,,7.0,Analytics|Marketing,0,0,0,0,0,,,,,0.08333333333333333,0.08333333333333333,0,0,,2,197.0
Company325,Company325,1,operating,United States,,,North America,,,2007-01-01,,7.0,Analytics|Marketing,0,0,0,0,0,15000000.0,,,2012-01-20,1.3333333333333333,0.9645833333333332,0,0,,1,168.0
Company326,Company326,1,operating,United States,,,North America,,,2005-01-01,,9.0,Security|Analytics,0,0,0,0,0,20000000.0,,,2012-01-30,1.75,0.6592592592500001,0,0,,3,67.0
Company327,Company327,1,operating,United States,,,North America,,,2009-01-02,,5.0,Analytics|Marketing,0,0,0,0,0,,,,2009-04-01,0.25,0.25,0,1,,3,0.0
Company328,Company328,0,closed,United States,,,North America,,,2009-01-01,,5.0,Advertising|E-Commerce|Analytics|Marketing,0,0,0,0,0,6000000.0,,,2012-02-16,0.6666666666666666,0.8074074074166666,0,1,,2,20.0
Company329,Company329,1,operating,United States,,,North America,,,2009-01-01,,5.0,Analytics,0,0,0,0,0,11000000.0,,,2011-11-01,0.6666666666666666,1.0513888891666667,0,0,,1,23.0
Company330,Company330,1,operating,United States,,,North America,,,2009-10-17,,5.0,Analytics|Marketing,0,0,0,0,0,3000000.0,,,2010-01-15,0.3333333333333333,0.3333333333333333,0,0,,1,0.0
Company331,Company331,1,operating,United States,,,North America,,,2008-07-01,,6.0,Analytics,0,0,0,0,0,100000.0,,,2012-07-07,1.9166666666666667,0.21888888891666666,1,1,,3,16.0
Company332,Company332,1,operating,United States,,,North America,,,2007-04-01,,7.0,Analytics,0,0,0,0,0,5000000.0,,,2012-04-27,2.0,1.5583333333333333,0,0,,2,6.0
Company333,Company333,0,closed,United States,,,North America,,,2010-01-01,,4.0,Analytics|Enterprise Software,1,0,0,0,0,30000.0,,,2011-05-31,1.1666666666666667,1.1666666666666667,0,1,,1,0.0
Company334,Company334,1,operating,United States,,,North America,,,2012-04-01,,2.0,Advertising|Entertainment|Media|Analytics,0,0,0,0,0,50000.0,,,2012-10-23,1.1666666666666667,1.1666666666666667,0,1,,1,1.0
Company335,Company335,1,operating,United States,,,North America,,,2010-02-07,,4.0,Analytics|Email|Software Development,1,0,0,0,0,1100000.0,,,2011-05-13,0.08333333333333333,0.69027777775,0,1,,2,
Company336,Company336,1,operating,Germany,,,EU,,,2010-03-08,,4.0,Analytics,0,0,0,0,0,2000000.0,,,2013-07-12,3.1666666666666665,3.1666666666666665,0,1,,3,1.0
Company337,Company337,1,operating,Denmark,,,EU,,,2006-06-01,,8.0,Analytics,0,0,0,0,0,2200000.0,,,2008-01-01,0.08333333333333333,1.5509259258333332,0,1,,1,0.0
Company338,Company338,0,closed,Estonia,,,EU,,,2006-01-01,,8.0,Software Development|Analytics,1,0,0,0,0,200000.0,,,2008-04-24,2.0,2.0,0,1,,2,1.0
Company339,Company339,1,operating,Finland,,,EU,,,2008-01-01,,6.0,Analytics|Mobile,0,0,1,0,0,2000000.0,,,2010-06-08,2.5,2.5,0,1,,1,
Company340,Company340,0,closed,France,,,EU,,,2010-09-01,,4.0,Analytics|Social Networking|Network / Hosting / Infrastructure,0,0,0,0,0,,,,,0.08333333333333333,0.08333333333333333,0,0,,1,0.0
Company341,Company341,1,operating,United Kingdom,,,EU,,,2008-01-01,,6.0,Analytics|Marketing,0,0,0,0,0,400000.0,,,2009-01-30,0.5833333333333334,0.20972222225,0,1,,4,48.0
Company342,Company342,1,operating,United Kingdom,,,EU,,,2013-04-01,,1.0,E-Commerce|Analytics,0,0,0,0,0,,,,,0.08333333333333333,0.08333333333333333,0,0,,0,
Company343,Company343,0,closed,Sweden,,,EU,,,2010-01-01,,4.0,Analytics|Software Development,1,0,0,0,0,,,,2012-02-20,2.0833333333333335,2.0833333333333335,0,1,,2,1.0
Company344,Company344,1,operating,Argentina,,,North America,,,2012-06-26,,2.0,Analytics|Telecommunications,0,0,0,0,0,,,,2012-07-01,0.08333333333333333,0.08333333333333333,1,0,,3,10.0
Company345,Company345,0,closed,United States,,,North America,,,2012-01-01,,2.0,E-Commerce|Food & Beverages|Mobile,0,0,1,0,0,,,,,,0.08333333333333333,0,0,,1,1.0
Company346,Company346,1,operating,United States,,,North America,,,2011-01-01,,2.0,,0,0,0,0,0,,,,2012-01-05,0.08333333333333333,,0,0,,2,11.0
Company347,Company347,1,operating,,,,,,,2012-07-01,,2.0,,0,0,0,0,0,,,,,0.08333333333333333,0.08333333333333333,0,1,,2,
Company348,Company348,1,operating,United States,,,North America,,,2010-01-01,,4.0,Human Resources (HR)|Career / Job Search,0,0,0,0,0,,,,,0.08333333333333333,0.08333333333333333,0,1,,3,12.0
Company349,Company349,1,operating,,,,,,,,,,,0,0,0,0,0,,,,,0.08333333333333333,0.08333333333333333,1,1,,1,
Company350,Company350,1,operating,India,,,APAC,,,2012-03-23,,2.0,E-Commerce|Retail,0,0,0,0,0,,,,,0.08333333333333333,0.08333333333333333,0,1,,3,9.0
Company351,Company351,1,operating,Belgium,,,EU,,,2013-01-01,,1.0,Analytics,0,0,0,0,0,,,,,0.08333333333333333,0.08333333333333333,0,1,,2,2.0
Company352,Company352,1,operating,Switzerland,,,EU,,,2010-04-01,,4.0,Analytics,0,0,0,0,0,,,,,0.08333333333333333,0.08333333333333333,0,1,,1,27.0
Company353,Company353,1,operating,Germany,,,EU,,,2011-03-14,,3.0,Analytics,0,0,0,0,0,,,,,0.08333333333333333,0.08333333333333333,0,1,,2,5.0
Company354,Company354,1,operating,Germany,,,EU,,,2011-01-01,,3.0,Analytics,0,0,0,0,0,,,,,,0.08333333333333333,0,1,,0,
Company355,Company355,1,operating,Germany,,,EU,,,2013-06-01,,1.0,Mobile|Analytics,0,0,1,0,0,,,,,0.08333333333333333,0.08333333333333333,0,0,,2,
Company356,Company356,1,operating,Germany,,,EU,,,2012-07-01,,2.0,Analytics|Enterprise Software,1,0,0,0,0,,,,,0.08333333333333333,0.08333333333333333,0,1,,2,4.0
Company357,Company357,1,operating,Spain,,,EU,,,2013-05-01,,1.0,Analytics|Advertising,0,0,0,0,0,,,,,0.08333333333333333,0.08333333333333333,0,1,,1,
Company358,Company358,1,operating,Spain,,,EU,,,2012-07-17,,2.0,Human Resources (HR)|Enterprise Software|Career / Job Search|Social Networking|Analytics,1,0,0,0,0,,,,,0.08333333333333333,0.08333333333333333,0,1,,4,11.0
Company359,Company359,1,operating,France,,,EU,,,2010-11-29,,4.0,Analytics,0,0,0,0,0,,,,,0.08333333333333333,0.08333333333333333,0,1,,3,5.0
Company360,Company360,1,operating,United Kingdom,,,EU,,,2013-03-01,,1.0,Advertising|Retail|Analytics,0,0,0,0,0,,,,,0.08333333333333333,0.08333333333333333,0,1,,3,
Company361,Company361,1,operating,United Kingdom,,,EU,,,2011-11-01,,3.0,Analytics,0,0,0,0,0,,,,,0.08333333333333333,0.08333333333333333,0,1,,2,0.0
Company362,Company362,1,operating,United Kingdom,,,EU,,,2011-01-01,,3.0,Search|Analytics,0,0,0,0,0,,,,,0.08333333333333333,0.08333333333333333,0,1,,3,4.0
Company363,Company363,1,operating,United Kingdom,,,EU,,,2012-11-01,,2.0,Analytics|Hospitality|Mobile|Enterprise Software,1,0,1,0,0,,,,,0.08333333333333333,0.08333333333333333,0,1,,2,16.0
Company364,Company364,1,operating,United Kingdom,,,EU,,,2010-01-01,,4.0,E-Commerce|Analytics,0,0,0,0,0,,,,,0.08333333333333333,0.08333333333333333,0,1,,2,4.0
Company365,Company365,1,operating,United Kingdom,,,EU,,,2013-03-01,,1.0,Marketing|E-Commerce|Analytics|Mobile|Advertising,0,0,1,0,0,,,,,0.08333333333333333,0.08333333333333333,0,1,,2,13.0
Company366,Company366,1,operating,United Kingdom,,,EU,,,2010-07-01,,4.0,E-Commerce|Analytics,0,0,0,0,0,,,,,0.08333333333333333,0.08333333333333333,0,1,,2,
Company367,Company367,1,operating,United Kingdom,,,EU,,,2011-03-05,,3.0,E-Commerce|Analytics|Social Networking|Marketing,0,0,0,0,0,,,,,0.08333333333333333,0.08333333333333333,0,0,,1,2.0
Company368,Company368,0,closed,United States,,,North America,,,,,,Network / Hosting / Infrastructure|Publishing,0,0,0,0,0,,,,,0.08333333333333333,0.08333333333333333,0,1,,2,
Company369,Company369,1,operating,United States,,,North America,,,2007-01-01,,7.0,Analytics|Marketing,0,0,0,0,0,,,,,0.08333333333333333,0.08333333333333333,0,1,,2,197.0
Company370,Company370,0,closed,France,,,EU,,,2010-09-01,,4.0,Analytics|Social Networking|Network / Hosting / Infrastructure,0,0,0,0,0,,,,,0.08333333333333333,0.08333333333333333,0,1,,1,0.0
Company371,Company371,0,closed,Austria,,,EU,,,2012-02-10,,2.0,Cloud Computing|Analytics,0,0,0,0,0,1200000.0,,,2014-04-02,1.6666666666666667,1.6666666666666667,0,0,,2,14.0
Company372,Company372,1,operating,United States,,,North America,,,2010-03-01,,4.0,Media|Analytics,0,0,0,0,0,1700000.0,,,2012-01-26,1.0,0.4166666666666667,0,1,,2,5.0
Company373,Company373,1,operating,United States,,,North America,,,2008-10-01,,6.0,,0,0,0,0,0,3750000.0,,,2010-07-07,1.6666666666666667,,0,0,,3,2.0
Company374,Company374,0,closed,United States,,,North America,,,2005-01-01,,9.0,,0,0,0,0,0,1402652.0,,,2013-11-12,1.0,1.0,1,0,,3,89.0
Company375,Company375,0,closed,United States,,,North America,,,2008-07-31,,6.0,Energy,0,0,0,0,1,1025000.0,,,2010-01-01,2.0,1.6666666666666667,0,0,,1,
Company376,Company376,1,operating,United States,,,North America,,,,,,,0,0,0,0,0,6700000.0,,,2006-01-01,1.0,1.6666666666666667,0,0,,0,
Company377,Company377,1,operating,Israel,,,APAC,,,,,,Cloud Computing|Media,0,0,0,0,0,2000000.0,,,2007-07-01,0.16666666666666666,,0,1,,1,
Company378,Company378,0,closed,Israel,,,APAC,,,2007-08-01,,7.0,Entertainment|Media,0,0,0,0,0,3500000.0,,,2007-06-01,0.16666666666666666,,1,0,,2,
Company379,Company379,1,operating,United States,,,North America,,,2010-02-02,,4.0,,0,0,0,0,0,2700000.0,,,2012-02-28,0.8333333333333334,1.6666666666666667,0,1,,0,0.0
Company380,Company380,1,operating,United States,,,North America,,,2005-01-01,,9.0,,0,0,0,0,0,15000000.0,,,2008-05-22,0.08333333333333333,1.0,1,0,,3,33.0
Company381,Company381,0,closed,United States,,,North America,,,2011-02-22,,3.0,CleanTech|Energy,0,0,0,0,1,14000000.0,,,2012-06-05,0.08333333333333333,1.0,0,0,,3,26.0
Company382,Company382,0,closed,United States,,,North America,,,2011-01-01,,3.0,Healthcare|Analytics|Mobile|Food & Beverages,0,0,1,0,1,6500000.0,,,2012-11-28,0.08333333333333333,1.0,0,1,,4,21.0
Company383,Company383,0,closed,United States,,,North America,,,2010-10-01,,4.0,Healthcare|Market Research|Mobile,0,0,1,0,1,2200000.0,,,2012-09-05,2.0,1.0,0,0,,4,28.0
Company384,Company384,0,closed,United States,,,North America,,,2010-11-01,,4.0,Human Resources (HR)|Analytics|Marketing|Career / Job Search,0,0,0,0,0,8000000.0,,,2013-06-04,1.0,1.0,0,1,,6,71.0
Company385,Company385,0,closed,United States,,,North America,,,2011-10-01,,3.0,,0,0,0,0,0,8000000.0,,,2013-05-07,1.0,1.0,0,1,,3,46.0
Company386,Company386,0,closed,United States,,,North America,,,,,,Healthcare,0,0,0,0,1,7000000.0,,,2010-04-27,,,0,0,,1,88.0
Company387,Company387,0,closed,United States,,,North America,,,2006-12-10,,8.0,,0,0,0,0,0,30000000.0,,,2010-09-01,3.3333333333333335,3.3333333333333335,0,0,,4,139.0
Company388,Company388,0,closed,United States,,,North America,,,2010-04-01,,4.0,Software Development|Analytics,1,0,0,0,0,11000000.0,,,2011-11-02,1.0,1.0,0,0,,2,26.0
Company389,Company389,0,closed,United States,,,North America,,,2009-12-01,,5.0,Media,0,0,0,0,0,11000000.0,,,2011-09-21,1.5,1.0,0,0,,2,39.0
Company390,Company390,0,closed,United States,,,North America,,,,,,Analytics,0,0,0,0,0,2250000.0,,,2012-05-07,,,0,0,,1,63.0
Company391,Company391,0,closed,United States,,,North America,,,,,,,0,0,0,0,0,5200000.0,,,2014-03-12,,,0,1,,2,
Company392,Company392,0,closed,United States,,,North America,,,2008-01-01,,6.0,energy|analytics,0,0,0,0,1,3000000.0,,,2012-07-02,2.0,1.0,1,0,,2,18.0
Company393,Company393,0,closed,United States,,,North America,,,2011-04-01,,3.0,Education,0,0,0,0,0,,,,,,,0,0,,3,0.0
Company394,Company394,0,closed,,,,,,,2010-05-20,,4.0,Search,0,0,0,0,0,200000.0,,,2010-05-20,,,0,1,,1,2.0
Company395,Company395,0,closed,,,,,,,,,,,0,0,0,0,0,,,,,,,0,0,,0,
Company396,Company396,0,closed,United States,,,North America,,,2006-03-23,,8.0,Advertising,0,0,0,0,0,,,,,,,0,0,,1,
Company397,Company397,0,closed,United States,,,North America,,,2009-10-04,,5.0,Advertising|Mobile|Marketing,0,0,1,0,0,,,,,,,0,0,,2,
Company398,Company398,0,closed,United States,,,North America,,,2008-02-01,,6.0,Email,0,0,0,0,0,1000000.0,,,2009-05-15,,,0,1,,2,
Company399,Company399,0,closed,Canada,,,North America,,,2013-04-16,,1.0,Advertising|Marketing|Search,0,0,0,0,0,100000.0,,,2004-04-01,,,0,1,,2,
Company400,Company400,0,closed,United States,,,North America,,,2007-02-01,,7.0,Advertising|Marketing,0,0,0,0,0,500000.0,,,2007-02-15,,,0,1,,1,
Company401,Company401,0,closed,United States,,,North America,,,,,,,0,0,0,0,0,10250000.0,,,2007-08-01,,,0,0,,3,
Company402,Company402,0,closed,,,,,,,,,,,0,0,0,0,0,,,,,,,0,1,,0,
Company403,Company403,0,closed,United States,,,North America,,,2009-04-04,,5.0,Advertising|Marketing,0,0,0,0,0,1000000.0,,,2010-03-02,,,0,1,,1,1.0
Company404,Company404,0,closed,United States,,,North America,,,2005-04-07,,9.0,,0,0,0,0,0,4250000.0,,,2008-11-14,,,0,0,,2,
Company405,Company405,0,closed,,,,,,,,,,,0,0,0,0,0,,,,,,,0,1,,0,
Company406,Company406,0,closed,,,,,,,,,,,0,0,0,0,0,,,,,,,0,0,,3,
Company407,Company407,0,closed,,,,,,,,,,,0,0,0,0,0,,,,,,,0,0,,1,
Company408,Company408,0,closed,,,,,,,,,,,0,0,0,0,0,,,,,,,0,1,,1,
Company409,Company409,0,closed,,,,,,,,,,,0,0,0,0,0,,,,,,,1,0,,1,
Company410,Company410,0,closed,United States,,,North America,,,,,,Music|Mobile,0,0,1,0,0,77000000.0,,,2011-03-07,,,1,0,,1,16.0
Company411,Company411,0,closed,United States,,,North America,,,2008-01-01,,6.0,Social Networking|Music|Entertainment|Media,0,0,0,0,0,175000.0,,,2013-05-20,,,1,0,,1,1.0
Company412,Company412,0,closed,United States,,,North America,,,,,,,0,0,0,0,0,4500000.0,,,2009-07-23,,,1,0,,3,4.0
Company413,Company413,0,closed,,,,,,,,,,,0,0,0,0,0,,,,,,,0,0,,2,
Company414,Company414,0,closed,,,,,,,,,,,0,0,0,1,0,,,,,,,0,1,,1,
Company415,Company415,0,closed,United States,,,North America,,,2011-08-01,,3.0,Network / Hosting / Infrastructure|Telecommunications|Enterprise Software,1,0,0,0,0,,,,,,,0,0,,2,0.0
Company416,Company416,0,closed,United States,,,North America,,,2008-01-01,,6.0,,0,0,0,0,0,55000000.0,,,2012-10-09,,,0,0,,3,92.0
Company417,Company417,0,closed,United States,,,North America,,,2007-07-01,,7.0,Cloud Computing,0,0,0,0,0,25000000.0,,,2012-05-03,,,0,0,,0,17.0
Company418,Company418,0,closed,United States,,,North America,,,2003-01-01,,11.0,Email|Marketing,0,0,0,0,0,5000000.0,,,2009-01-12,,,0,0,,1,3.0
Company419,Company419,0,closed,United States,,,North America,,,2005-03-01,,9.0,Cloud Computing|E-Commerce,0,0,0,0,0,4000000.0,,,2012-10-15,,,0,0,,0,18.0
Company420,Company420,0,closed,United States,,,North America,,,2007-01-01,,7.0,Mobile,0,0,1,0,0,20000000.0,,,2009-10-30,,,0,0,,1,6.0
Company421,Company421,0,closed,United States,,,North America,,,1997-06-01,,17.0,,0,0,0,0,0,2000000.0,,,2009-06-15,,,0,0,,0,128.0
Company422,Company422,0,closed,United States,,,North America,,,2006-09-01,,8.0,Network / Hosting / Infrastructure|Marketing,0,0,0,0,0,7000000.0,,,2010-08-20,,,0,0,,0,2.0
Company423,Company423,0,closed,,,,,,,,,,,0,0,0,0,0,,,,,,,0,0,,2,
Company424,Company424,0,closed,United States,,,North America,,,,,,,0,0,0,0,0,6000000.0,,,2008-02-01,,,0,0,,2,1.0
Company425,Company425,0,closed,United States,,,North America,,,,,,Advertising|Analytics,0,0,0,0,0,6600000.0,,,2008-05-16,,,0,0,,0,
Company426,Company426,0,closed,United States,,,North America,,,2008-08-01,,6.0,E-Commerce|Food & Beverages,0,0,0,0,0,4700000.0,,,2012-08-14,,,0,0,,0,6.0
Company427,Company427,0,closed,United States,,,North America,,,2011-01-01,,3.0,E-Commerce,0,0,0,0,0,5500000.0,,,2012-03-20,,,0,0,,1,6.0
Company428,Company428,0,closed,United States,,,North America,,,2007-01-01,,7.0,,0,0,0,0,0,1512066.0,,,2010-09-24,,,0,0,,0,
Company429,Company429,0,closed,,,,,,,,,,,0,0,0,0,0,,,,,,,0,0,,1,
Company430,Company430,0,closed,Canada,,,North America,,,,,,Social Networking,0,0,0,0,0,,,,,,,0,0,,0,
Company431,Company431,0,closed,United States,,,North America,,,,,,,0,0,0,0,0,5000000.0,,,2007-07-01,,,0,0,,3,
Company432,Company432,0,closed,United States,,,North America,,,2005-01-01,,9.0,Social Networking,0,0,0,0,0,22000000.0,,,2007-03-01,,,0,0,,1,6.0
Company433,Company433,0,closed,,,,,,,,,,Telecommunications,0,0,0,0,0,,,,,,,0,0,,1,
Company434,Company434,0,closed,,,,,,,,,,,0,0,0,0,0,,,,,,,0,0,,1,
Company435,Company435,0,closed,United States,,,North America,,,,,,Music,0,0,0,0,0,7000000.0,,,2008-01-01,,,0,0,,2,2.0
Company436,Company436,0,closed,United States,,,North America,,,2009-08-01,,5.0,E-Commerce,0,0,0,0,0,500000.0,,,2010-04-19,,,0,0,,1,0.0
Company437,Company437,0,closed,United States,,,North America,,,2005-07-01,,9.0,Search,0,0,0,0,0,3314300.0,,,2009-05-01,,,0,0,,2,1.0
Company438,Company438,0,closed,,,,,,,,,,,0,0,0,0,0,,,,,,,0,0,,3,
Company439,Company439,0,closed,United States,,,North America,,,2010-01-01,,4.0,Gaming|Entertainment|Mobile,0,0,1,0,0,12000.0,,,2010-11-01,,,0,0,,1,0.0
Company440,Company440,0,closed,,,,,,,,,,,0,0,0,0,0,,,,,,,0,0,,2,
Company441,Company441,0,closed,,,,,,,,,,,0,0,0,0,0,,,,,,,0,0,,1,
Company442,Company442,0,closed,United States,,,North America,,,2008-01-01,,6.0,,0,0,0,0,0,500000.0,,,2012-01-11,,,0,0,,1,4.0
Company443,Company443,0,closed,United States,,,North America,,,2011-01-01,,3.0,E-Commerce,0,0,0,0,0,1000000.0,,,2012-08-09,,,0,0,,2,3.0
Company444,Company444,0,closed,,,,,,,2011-01-01,,3.0,Email|Software Development,1,0,0,0,0,,,,,,,0,0,,2,
Company445,Company445,0,closed,,,,,,,,,,,0,0,0,0,0,,,,,,,0,0,,1,
Company446,Company446,0,closed,United States,,,North America,,,2009-10-15,,5.0,,0,0,0,0,0,18000.0,,,2011-01-01,,,0,0,,2,
Company447,Company447,0,closed,,,,,,,,,,,0,0,0,0,0,,,,,,,0,0,,1,
Company448,Company448,0,closed,,,,,,,,,,,0,0,0,0,0,,,,,,,0,0,,0,
Company449,Company449,0,closed,United States,,,North America,,,,,,Advertising,0,0,0,0,0,,,,,,,0,0,,0,
Company450,Company450,0,closed,,,,,,,,,,,0,0,0,0,0,,,,,,,0,0,,1,
Company451,Company451,0,closed,United States,,,North America,,,2005-01-01,,9.0,Energy,0,0,0,0,1,10660000.0,,,2011-06-16,,,0,0,,0,170.0
Company452,Company452,0,closed,,,,,,,,,,,0,0,0,0,0,,,,,,,0,0,,3,
Company453,Company453,0,closed,,,,,,,,,,,0,0,0,0,0,,,,,,,0,0,,0,
Company454,Company454,0,closed,United States,,,North America,,,2006-04-01,,8.0,Gaming,0,0,0,0,0,,,,2007-12-01,,,0,0,,1,
Company455,Company455,0,closed,,,,,,,,,,,0,0,0,0,0,,,,,,,0,0,,0,
Company456,Company456,0,closed,,,,,,,,,,,0,0,0,0,0,,,,,,,0,0,,0,
Company457,Company457,0,closed,United States,,,North America,,,,,,Cloud Computing,0,0,0,0,0,500000.0,,,2008-10-01,,,0,0,,0,
Company458,Company458,0,closed,,,,,,,,,,,0,0,0,0,0,,,,,,,0,0,,2,
Company459,Company459,0,closed,United States,,,North America,,,,,,Transportation,0,0,0,0,0,18000.0,,,2009-09-10,,,0,0,,0,1.0
Company460,Company460,0,closed,United States,,,North America,,,2009-01-01,,5.0,Human Resources (HR)|Career / Job Search,0,0,0,0,0,18000.0,,,2009-09-11,,,0,0,,1,
Company461,Company461,0,closed,United States,,,North America,,,2010-01-01,,4.0,E-Commerce|Network / Hosting / Infrastructure,0,0,0,0,0,,,,2010-03-01,,,0,0,,0,
Company462,Company462,0,closed,United States,,,North America,,,2010-03-02,,4.0,,0,0,0,0,0,12000.0,,,2010-03-02,,,0,0,,2,0.0
Company463,Company463,0,closed,United States,,,North America,,,2007-05-01,,7.0,,0,0,0,0,0,440000.0,,,2007-09-01,,,0,0,,2,0.0
Company464,Company464,0,closed,,,,,,,,,,,0,0,0,0,0,,,,,,,0,0,,1,
Company465,Company465,0,closed,United States,,,North America,,,,,,Music,0,0,0,0,0,2000000.0,,,2008-04-15,,,1,0,,0,
Company466,Company466,0,closed,Israel,,,APAC,,,2007-08-01,,7.0,Entertainment|Media,0,0,0,0,0,3500000.0,,,2007-06-01,,,1,0,,0,
Company467,Company467,0,closed,United States,,,North America,,,2006-01-01,,8.0,,0,0,0,0,0,30000000.0,,,2008-01-03,,,1,0,,0,
Company468,Company468,0,closed,United States,,,North America,,,2011-03-01,,3.0,E-Commerce,0,0,0,0,0,,,,,,,0,0,,0,
Company469,Company469,0,closed,,,,,,,,,,,0,0,0,0,0,,,,,,,1,0,,0,
Company470,Company470,0,closed,United States,,,North America,,,2010-05-01,,4.0,Analytics|E-Commerce,0,0,0,0,0,,,,,,,0,0,,2,0.0
Company471,Company471,0,closed,United States,,,North America,,,2009-10-01,,5.0,Analytics|Marketing,0,0,0,0,0,100000.0,,,2010-02-01,,,0,0,,3,
Company472,Company472,0,closed,United States,,,North America,,,2013-07-01,,1.0,Analytics|Healthcare,0,0,0,0,1,120000.0,,,2013-09-01,,,0,0,,3,
